account,city,pipeline_code,action_type,priority_rank,recommended_action,contact_info
EVERGREEN MARKET - AUBURN,Auburn,I5,Hot Lead,1,Contact Peter is the buyer - — I5 - Near order / has ordered. Notes: Reached out to Peter to off him a lowered pricing to help entice him to place another order for all ,Peterp@theevergreenmarket.com / 425-318-8898 - Directory
EVERGREEN MARKET - BELLEVUE,Bellevue,I5,Hot Lead,2,Contact Peter is the buyer - — I5 - Near order / has ordered. Notes: Reached out to Peter to off him a lowered pricing to help entice him to place another order for all ,Peterp@theevergreenmarket.com / 425-318-8898 - Directory
EVERGREEN MARKET - KIRKLAND,Kirkland,I5,Hot Lead,3,Contact Peter is the buyer - — I5 - Near order / has ordered. Notes: Reached out to Peter to off him a lowered pricing to help entice him to place another order for all ,Peterp@theevergreenmarket.com / 425-318-8898 - Directory
EVERGREEN MARKET - NORTH RENTON - is now Stonr Cannabis,Renton,I5,Hot Lead,4,Contact Peter is the buyer - — I5 - Near order / has ordered. Notes: Reached out to Peter to off him a lowered pricing to help entice him to place another order for all ,Peterp@theevergreenmarket.com / 425-318-8898 - Directory
EVERGREEN MARKET - RENTON HIGHLANDS,Renton,I5,Hot Lead,5,Contact Peter is the buyer - — I5 - Near order / has ordered. Notes: Reached out to Peter to off him a lowered pricing to help entice him to place another order for all ,Peterp@theevergreenmarket.com / 425-318-8898 - Directory
EVERGREEN MARKET - SOUTH RENTON,Renton,I5,Hot Lead,6,"Contact Peter is the buyer
Tony E is the General Manager — I5 - Near order / has ordered. Notes: 10.10.25 - RM - I reached out to Tony E who I used to work with at Smokey Point. He is the GM of the",Peterp@theevergreenmarket.com / 425-318-8898 - Directory
Floyds  BURLINGTON,Burlington,I5,Hot Lead,7,Contact Myrcedes McGee  is the buyer — I5 - Near order / has ordered. Notes: Reached out to see if we can get a restock of products. 06.10.25,burlington@floydscannabis.co burlingtonfloyds.youcanbook.me  Eric@floydscannabis.co is regional manager/buyer / 360-899-4697
THE GALLERY - GIG HARBOR,Gig Harbor,I5,Hot Lead,8,Contact Joshua is the GM and Buyer — I5 - Near order / has ordered. Notes: Emailed Josh and Shelby to get a feel for how Fireline is selling at the Spanaway location since tha,josh@thegalleryco.com Shelby@thegalleryco.com / (253) 312-6083
THE GALLERY CANYON,Puyallup,I5,Hot Lead,9,Contact Joshua is the GM and Buyer — I5 - Near order / has ordered. Notes: Emailed Josh and Shelby to get a feel for how Fireline is selling at the Spanaway location since tha,josh@thegalleryco.com Shelby@thegalleryco.com / (253) 604-4360
THE GALLERY FIFE,Fife,I5,Hot Lead,10,Contact Joshua is the GM and Buyer — I5 - Near order / has ordered. Notes: Emailed Josh and Shelby to get a feel for how Fireline is selling at the Spanaway location since tha,josh@thegalleryco.com Shelby@thegalleryco.com / (253) 344-1013
THE GALLERY PARKLAND,Tacoma,I5,Hot Lead,11,Contact Joshua is the GM and Buyer — I5 - Near order / has ordered. Notes: Emailed Josh and Shelby to get a feel for how Fireline is selling at the Spanaway location since tha,josh@thegalleryco.com Shelby@thegalleryco.com / (253) 531-4000
THE GALLERY SPANAWAY,Spanaway,I5,Hot Lead,12,Contact Joshua is the GM and Buyer — I5 - Near order / has ordered. Notes: Emailed Josh and Shelby to get a feel for how Fireline is selling at the Spanaway location since tha,josh@thegalleryco.com Shelby@thegalleryco.com / (253) 375-7840
FORBIDDEN CANNABIS CLUB,Carson,I5,Hot Lead,13,"Contact Adam is the buyer — I5 - Near order / has ordered. Notes: Talked to a budtender who let me know that Sonny is the owner, we are not currently in the store at ",fcc.Carson.vendor@gmail.com / (509) 427-5322
CLOUD 9,Arlington,I5,Hot Lead,14,"Contact Kelly Adams is the buyer — I5 - Near order / has ordered. Notes: 10.24.2025 - Richard spoke to Kelly and gave him a run down on the plans for Fireline (Green, Blue, ","kadams.cloud9@gmail.com  arlingtonmanagement.cloud9@gmail.com and Connie at cdauz.cloud9@gmail.com.  For questions regarding billing, please email mturner.cloud9@gmail.com for the fastest resolution. / (360) 322-6167"
FORBIDDEN CANNABIS CLUB SEATTLE,Seattle,I5,Hot Lead,15,Contact Austin is the buyer — I5 - Near order / has ordered. Notes: Emailed updated contact info to Austin 02.11.25 - Reached out to Austin for a restock and to offer F,seattle@forbiddencannabisclub.com / (206) 420-2180
Forbidden Cannabis Club Mount Vernon,Mount Vernon,I5,Hot Lead,16,"Contact Hannah is the Manager, Dee is the buyer — I5 - Near order / has ordered. Notes: Reached out and gave them my new account manager information 02.11.25 - talked to Hannah who is the ",mv@forbiddencannabisclub.com hannahw@forbiddencannabisclub.com / (360) 982-2207
Kush 21 Yakima. LOCAL ROOTS,Yakima,I5,Hot Lead,17,"Contact Arty is the buyer — I5 - Near order / has ordered. Notes: Called and talked to Arty who is still the buyer, Introduced myself and got updated phone number - t",Yakima@Kush21.com. Inventory manager is Inventoryyakima@kush21.com / (509)-426-2436 -Store. Arty cell # (509) 728-0630
MARY MART INC,Tacoma,I5,Hot Lead,18,Contact Mish is the buyer - likes to flirt — I5 - Near order / has ordered. Notes: T is the GM - Emailed for a restock 02.11.25,marymartpurchasing@gmail.com / 253-579-9396
HASHTAG Everett,Everett,I5,Hot Lead,19,Contact Becky is the new purchaser — I5 - Near order / has ordered. Notes: Dash reached out to us to send ACH informatiion and fill out a questionaire about the company. That ,everettpurchasing@betterhashtag.com / (360) 822-9669
HASHTAG Seattle,Seattle,I5,Hot Lead,20,Contact Bailey or Katie are the new purchasers. — I5 - Near order / has ordered. Notes: Dash reached out to us to send ACH informatiion and fill out a questionaire about the company. That ,seattlepurchasing@betterhashtag.com / (206) 946-8157
210 Cannabis,Arlington,R2,At-Risk Active,1,R2 - Active but stale (>90 days). Last contact: 255 days ago. Emailed about a restock NC,scorboy@210cannabisco.com / (360) 572-3500
365 RECREATIONAL CANNABIS,Shoreline,R2,At-Risk Active,2,R2 - Active but stale (>90 days). Last contact: 255 days ago. Emailed Katie to check in and see how Fireline is selling along wtih inquiring a,orders.shoreline@365recreational.com / 206-557-7778
420 CAPITOL,Tumwater,R2,At-Risk Active,3,R2 - Active but stale (>90 days). Last contact: 401 days ago. Reached out with personal email to give updated contact information 01.30.25,champagneproducts@gmail.com  Katreena Johnson <katreenaj420@gmail.com
420 CARPENTER,Lacey,R2,At-Risk Active,4,R2 - Active but stale (>90 days). Last contact: 401 days ago. Reached out with personal email to give updated contact information 01.30.25,champagneproducts@gmail.com  Katreena Johnson <katreenaj420@gmail.com
420 ELMA ON MAIN,Elma,R2,At-Risk Active,5,R2 - Active but stale (>90 days). Last contact: Never. ,ricciricardo420@gmail.com champagneproducts@gmail.com katreenaj420@gmail.com / 360-402-6368
420 GRAND CENTRAL,Rochester,R2,At-Risk Active,6,R2 - Active but stale (>90 days). Last contact: 401 days ago. Reached out with personal email to give updated contact information 01.30.25,champagneproducts@gmail.com
420 WEST,Olympia,R2,At-Risk Active,7,R2 - Active but stale (>90 days). Last contact: 401 days ago. Reached out with personal email to give updated contact information 01.30.25,champagneproducts@gmail.com
420 HOLIDAY,Longview,R2,At-Risk Active,8,"R2 - Active but stale (>90 days). Last contact: 306 days ago. Talked to Vern who is the new buyer, he wanted the sale price since the customer",420holidaylongview@gmail.com
420 SPOT SHOP - will not do VMI,Port Orchard,R2,At-Risk Active,9,R2 - Active but stale (>90 days). Last contact: 241 days ago. We are doing 20% off and they are putting us on sale every Wednesday,420spotshop@gmail.com / (360) 340-5966 Personal Cell #
A Greener Today - Walla Walla,Walla Walla,R2,At-Risk Active,10,"R2 - Active but stale (>90 days). Last contact: 355 days ago. Talked with Kenny, he let me know it was not a good fit for the shops at this ti",purchasing@agreenertoday.com Kenny@agreenertoday.com / 509-876-8660
ALTITUDE,Prosser,R2,At-Risk Active,11,R2 - Active but stale (>90 days). Last contact: 169 days ago. Emailed Maricruz with account manager contacts 02.07.25,purchasing.altitudemj@gmail.com / 509-786-4200 - store
AMERICAN MARY 45th Wallington,Seattle,R2,At-Risk Active,12,"R2 - Active but stale (>90 days). Last contact: 169 days ago. Emailed Tony about some samples that I woud like to send over, he placed an orde",wallingford@americanmarywa.com / (206) 547-7833 - store
APEX CANNABIS,Moses Lake,R2,At-Risk Active,13,R2 - Active but stale (>90 days). Last contact: 388 days ago. ,Nikala@kush21.com Michelle@kush21.com / (509) 765-4216
BAYSHORE CANNABIS CO,Shelton,R2,At-Risk Active,14,R2 - Active but stale (>90 days). Last contact: 290 days ago. Eamailed Dan with an offer to put everything on sale to get it out of the store ,buyer@bayshorecannabis.com / (360) 426-0675
BETTER BUDS,Longview,R2,At-Risk Active,15,R2 - Active but stale (>90 days). Last contact: 305 days ago. Talked Sean about adding Greenline to the 10% off right now along with Fireline ,betterbudslongview@gmail.com / (360) 703-3791
BORED N BUZZED,Kirkland,R2,At-Risk Active,16,R2 - Active but stale (>90 days). Last contact: 270 days ago. This used to be the old Starbuds Kirkland 03.04.25 - first order placed 06.10.25,Boredandbuzzedjeff@gmail.com
BUDHUT,Camano Island,R2,At-Risk Active,17,R2 - Active but stale (>90 days). Last contact: 276 days ago. Emailed Kimberly with new account manager information 02.10.25,kimberly@budhut.net / 360.629.3480
BUDHUT,Everett,R2,At-Risk Active,18,R2 - Active but stale (>90 days). Last contact: 276 days ago. Emailed Beth with the updated contact info since she is acting GM for all bud hu,heather@budhut.net / 425.353.1449
BUDS GARAGE - no friday deliveries,Everett,R2,At-Risk Active,19,R2 - Active but stale (>90 days). Last contact: 276 days ago. Reacheed out to Bo about how the product is sellng and if they are interested in,icc@budsgarage.com / (425) 321-7740
Cannabis City,Seattle,R1,At-Risk Active,20,R1 - Temp Closed. Last contact: 368 days ago. last order -10.26.20 - got updated buyer information - 11.16.22,buyer@cannabis.city / 206-420-4206
CANNAZONE,Bellingham,R2,At-Risk Active,21,"R2 - Active but stale (>90 days). Last contact: 148 days ago. 10.10.25 - Called Fouad, No Answer. Went to VM. Texted Fouad and he is having Th",cannazonebellingham@gmail.com
CANNAZONE,Edmonds,R2,At-Risk Active,22,"R2 - Active but stale (>90 days). Last contact: 148 days ago. 10.10.25 - Called Fouad, No Answer. Went to VM. Texted Fouad and he is having Th",cannazoneedmonds@gmail.com
Northwest Cannabis,Mount Vernon,R2,At-Risk Active,23,"R2 - Active but stale (>90 days). Last contact: 148 days ago. 10.10.25 - Called Fouad, No Answer. Went to VM. Texted Fouad and he is having Th",nwdispensary@gmail.com
CASCADE KROPZ,Arlington,R2,At-Risk Active,24,"R2 - Active but stale (>90 days). Last contact: 394 days ago. I talked with Jim, he would like to start  a hometown box with 4 of our strains ",cascadekropzorders@gmail.com / Call his cell before you call the store 425-232-8054
Clear Choice Cannabis  72nd,Tacoma,R2,At-Risk Active,25,R2 - Active but stale (>90 days). Last contact: 394 days ago. Likes to commuicate via text message - Called and talked to Blaine today who let,kathleen.r@findclearchoice.com / 253-999-7690 - Blaine's cell number
CLEAR CHOICE CANNABIS,Bremerton,R2,At-Risk Active,26,"R2 - Active but stale (>90 days). Last contact: 278 days ago. Emailed Geo with a mock order and he approved, order is being delivered 03.03.25",geoarmani.l@findclearchoice.com / 253-444-5444 -
CLEAR CHOICE CANNABIS,Tacoma,R2,At-Risk Active,27,"R2 - Active but stale (>90 days). Last contact: 278 days ago. Emailed Kathleen a thank you for your order email, gave updated contact info, pu",kathleen.r@findclearchoice.com / 253-444-5444 -
Danks Warehouse,Tacoma,R2,At-Risk Active,28,R2 - Active but stale (>90 days). Last contact: 351 days ago. I offered to do VMI if they can send me there inventory weekly and as a perk I w,dankswarehousetacoma@gmail.com / (253) 503-1411
DANK'S Warehouse,Edmonds,R2,At-Risk Active,29,R2 - Active but stale (>90 days). Last contact: 374 days ago. Ashley does not work on Wednesdays - Emailed Ashley giving her my updated contac,dankswarehouse@gmail.com  https://danksedmonds.youcanbook.me / (425) 670-0690
Danks Warehouse Renton,Renton,R2,At-Risk Active,30,R2 - Active but stale (>90 days). Last contact: Never. ,Dankswarehouserenton@gmail.com https://dankswarehouserenton.youcanbook.me/ / 206-327-1679
DIAMOND GREEN,Tacoma,R2,At-Risk Active,31,R2 - Active but stale (>90 days). Last contact: 390 days ago. Emailed Heather with my contact info 02.10.25 Called and talked to a budtender w,diamondgreentacoma@gmail.com / 253-301-3148
Elevation  (MJ Compact Retail Location),Shelton,R2,At-Risk Active,32,R2 - Active but stale (>90 days). Last contact: Never. ,cannabis@high-elevation.com   jedwards@high-elevation.com / (360) 462-4025
Emerald Coast,Bremerton,R2,At-Risk Active,33,"R2 - Active but stale (>90 days). Last contact: 387 days ago. Dawn called and said she met us at the safety meeting, she wants a order expedit",ecc.brem@gmail.com
FILLABONG,Bremerton,R2,At-Risk Active,34,R2 - Active but stale (>90 days). Last contact: 388 days ago. Emailed Karla with my new contact info and got confirmation on her contact info ,fillabongorders@gmail.com / 360-440-4003 - Karla cell phone
FILLABONG,Silverdale,R2,At-Risk Active,35,R2 - Active but stale (>90 days). Last contact: 388 days ago. Emailed Karla with my new contact info and got confirmation on her contact info ,fillabongorders@gmail.com / 360-440-4003 - Karla cell phone
FIRE AND FROST CANNABIS,Vancouver,R2,At-Risk Active,36,R2 - Active but stale (>90 days). Last contact: 389 days ago. Reached out with new account manager information 02.11.25 Talked to Riley who ga,nyssa@fireandfrostcannabis.com kyla@fireandfrostcannabis.com Riley@fireandfrostcannabis.com / (360) 213-1011
FLOYD'S CANNABIS COMPANY,Pullman,R2,At-Risk Active,37,R2 - Active but stale (>90 days). Last contact: 270 days ago. Reached out to see if we can get a restock of products. 06.10.25,pullman@floydscannabis.co     https://floydspullman.youcanbook.me/   Eric@floydscannabis.co is regional manager/buyer / (509) 872-3080
FLOYDS Sedro Woolley,Sedro Woolley,R2,At-Risk Active,38,R2 - Active but stale (>90 days). Last contact: 270 days ago. Offered 420 special deals and Greenline - NC,floydscannabisco@gmail.com   floydssedrowoolley.youcanbook.me  Eric@floydscannabis.co is regional manager/buyer / (360) 588-4473
GOLDEN DISPENSARIES,Goldendale,R2,At-Risk Active,39,R2 - Active but stale (>90 days). Last contact: 390 days ago. Called and talked to Austin who stated he is placing an order - looking for diam,Austin@goldendispensary.com inventory@goldendispensary.com / (509) 773-0700
GREEN LIFE CANNABIS,Wenatchee,R2,At-Risk Active,40,R2 - Active but stale (>90 days). Last contact: 289 days ago. They are going to do a daily deals for us one day a week with the new pricing an,buyer@greenlifecannabis.com / (509) 663-9980
GREEN ROOM OH INC.,Oak Harbor,R2,At-Risk Active,41,R2 - Active but stale (>90 days). Last contact: 394 days ago. Called and talked to Simon who is the owner - I emaied them my updated contact i,kelley@thegreenroomwa.com / 206-504-8629 -Simon's Cell  (360) 682-5755 - the store
GREENFIELD COMPANY CANNABIS MERCANTILE,Clarkston,R2,At-Risk Active,42,R2 - Active but stale (>90 days). Last contact: 165 days ago. placed an order on cultivera 09.23.25,satoricat@live.com
GREENLIGHT,Millwood,R2,At-Risk Active,43,R2 - Active but stale (>90 days). Last contact: 379 days ago. Emailed them with our new contact info and asked if they would like a restock. T,Carli@greenlightspokane.com colton@greenlightspokane.com / (509) 309-3193 - Colton cell # 509-209-6381
GREENVIEW CANNABIS,Longview,R2,At-Risk Active,44,R2 - Active but stale (>90 days). Last contact: 387 days ago. Shawn is the buyer for this location and Marijuana Mart Rochester  and the email,shawn@marijuanamartwa.com / (360) 353-5445
GREENWAY MARIJUANA,Port Orchard,R2,At-Risk Active,45,R2 - Active but stale (>90 days). Last contact: 276 days ago. Emailed Stephen with my updated contact info informing him that Cassandra is no ,stephen@greenwaymarijuana.com / 360-443-6988    360-621-7977
GREENWORKS N.W.,Seattle,R2,At-Risk Active,46,"R2 - Active but stale (>90 days). Last contact: 376 days ago. Emailed them asking about a restock, they said they would put in a order soon, j",Greenworkspurchasing@gmail.com / (206) 492-5132
HANGAR 420 HWY 99,Lynnwood,R2,At-Risk Active,47,R2 - Active but stale (>90 days). Last contact: 255 days ago. Offered 420 special deals and Greenline - NC,pat@hangar420snohomish.com / (425) 361-1592
HANGAR 420 SNOHOMISH,Snohomish,R2,At-Risk Active,48,R2 - Active but stale (>90 days). Last contact: 250 days ago. Emailed Pat with account manager contact info and a restock 02.07.25. Talked to ,pat@hangar420snohomish.com / (360) 217-8648
Hangar 420 Clearview,Lynnwood,R1,At-Risk Active,49,R1 - Temp Closed. Last contact: 250 days ago. Emailed on behalf of Pat to the city of Clearview,pat@hangar420snohomish.com
HERBAL NATION,Bothell,R2,At-Risk Active,50,R2 - Active but stale (>90 days). Last contact: 366 days ago. Mitchell said he will place an order of blunts and flower today - talked to a bu,1herbalnation@gmail.com / Store - (425) 486-1111.    Cell # 425-318-2977
HERBAN MARKET,Port Orchard,R2,At-Risk Active,51,R2 - Active but stale (>90 days). Last contact: 339 days ago. Offered 420 special deals and Greenline - NC,herbanmarketlee@gmail.com / (360) 443-2859
HIGH-5 CANNABIS,Vancouver,R2,At-Risk Active,52,R2 - Active but stale (>90 days). Last contact: 270 days ago. Reached out to Nathon to see how the sale is going and let him know we are excit,orders@high5cannabis.com  nathon@high5cannabis.com / (360) 947-5404
High 5 Cannabis,Stevenson,R2,At-Risk Active,53,R2 - Active but stale (>90 days). Last contact: 270 days ago. Reached out to Nathon to see how the sale is going and let him know we are excit,orders@high5cannabis.com  nathon@high5cannabis.com / (509) 219-5038
HIGH SOCIETY,Everett,R2,At-Risk Active,54,"R2 - Active but stale (>90 days). Last contact: 366 days ago. Emailed Savannah for a restock, tried calling but no one answered the phone 03.0",highsocietyeverett@gmail.com / 425-374-3772   206-225-9531
Higher Leaf Bel - Red - Require 48hrs notice for before delivery,Bellevue,R2,At-Risk Active,55,R2 - Active but stale (>90 days). Last contact: 148 days ago. 10.10.25 - RM spoke to Jacob and he said he would be open to meeting and looking,jacob@higherleaf.com  invoices-gtbelred@higherleaf.com / 425-455-0965
Higher Leaf Factoria,Bellevue,R2,At-Risk Active,56,"R2 - Active but stale (>90 days). Last contact: 369 days ago. Gab was fired. Jacob is the buyer, I talked with him and he told me after 2-3 ba",jacob@higherleaf.com invoices-gtfactoria@higherleaf.com / 425-502-7033
Higher leaf Eastside,Bellevue,R2,At-Risk Active,57,"R2 - Active but stale (>90 days). Last contact: 369 days ago. Gab was fired. Jacob is the buyer, I talked with him and he told me after 2-3 ba",jacob@higherleaf.com  invoices-bellevue@higherleaf.com / 425-747-5967
Higher leaf - Kirkland,Kirkland,R2,At-Risk Active,58,"R2 - Active but stale (>90 days). Last contact: 369 days ago. Gab was fired. Jacob is the buyer, I talked with him and he told me after 2-3 ba",jacob@higherleaf.com invoice@higherleaf.com / 425-820-5967
III KING COMPANY,Seattle,R2,At-Risk Active,59,R2 - Active but stale (>90 days). Last contact: 304 days ago. Reached out to Rosie to see what we can do to get back in the store 03.04.25,iiikingseattle@gmail.com / (206) 453-3445
KALEAFA,Aberdeen,R2,At-Risk Active,60,R2 - Active but stale (>90 days). Last contact: 352 days ago. David emailed me with all the updated store contacts.  as I did the same 02.10.2,Aberdeenvendors@kaleafa.com Cassie@Kaleafa.com / (360) 637-8018
KALEAFA,Des Moines,R2,At-Risk Active,61,R2 - Active but stale (>90 days). Last contact: 352 days ago. David emailed me with all the updated store contacts.  as I did the same 02.10.2,david@kaleafa.com desmoinesvendors@kaleafa.com / (206) 460-0503
KALEAFA,Oak Harbor,R2,At-Risk Active,62,R2 - Active but stale (>90 days). Last contact: 352 days ago. David emailed me with all the updated store contacts.  as I did the same 02.10.2,sean@kaleafa.com / (360) 682-2420
KITSAP CANNABIS PORT ORCHARD,Port Orchard,R2,At-Risk Active,63,R2 - Active but stale (>90 days). Last contact: 376 days ago. This is Jose's account,therealkitsapcannabis@gmail.com / (360) 443-2030
KUSH 21 BUCKLEY LLC,Buckley,R2,At-Risk Active,64,"R2 - Active but stale (>90 days). Last contact: 170 days ago. Talkedt to Budtender who confirmed buyer and email, I introducted myself 02.13.2",buckley@kush21.com buckleyinventory@kush21.com / 360-761-7540
Kush 21 Burien - (LIVING WELL ENTERPRISES),Burien,R2,At-Risk Active,65,R2 - Active but stale (>90 days). Last contact: 148 days ago. 10.22.2025 - Sent Michale a Text Message to see if he is available to meet next ,inventory@Kush21.com  Michelle@Kush21.com Michelle's Cell #  (425) 208-9394 - Regional Manager / 206-402-6955 - store  Brandon's Cell # (808)276-5261
Kush 21 Everett - Evergreen way     (KUSHMAN),Everett,R2,At-Risk Active,66,R2 - Active but stale (>90 days). Last contact: 387 days ago. Called but Amber was in a meeting with the big guy - will try again later but co,everettevergreeninventory@kush21.com / (425) 512-0182
Kush 21 SODO,Seattle,R2,At-Risk Active,67,R2 - Active but stale (>90 days). Last contact: 169 days ago. ,nicole@kush21.com sodoinventory@kush21.com
LIDZ CANNABIS  South,Spokane,R2,At-Risk Active,68,R2 - Active but stale (>90 days). Last contact: 394 days ago. Emailed Blaine giving him my contact information and inquiring about the Lidz lo,
LIDZ CANNABIS North,Spokane,R2,At-Risk Active,69,R2 - Active but stale (>90 days). Last contact: 394 days ago. Emailed Blaine giving him my contact information and inquiring about the Lidz lo,
LOVING FARMS,Mount Vernon,R2,At-Risk Active,70,R2 - Active but stale (>90 days). Last contact: 241 days ago. Offered 420 special deals and Greenline - NC,lovingfarmsmj@gmail.com / (360) 419-9700
"LUCID AUBURN, 21+ CANNABIS, 21+ MARIJUANA",Auburn,R2,At-Risk Active,71,"R2 - Active but stale (>90 days). Last contact: 240 days ago. Called to discuss missing payments again, Ceara emailed me and will update me wi",vendors@lucidmj.com / 253.249.7730
LUCID PUYALLUP,Puyallup,R2,At-Risk Active,72,"R2 - Active but stale (>90 days). Last contact: 240 days ago. Called to discuss missing payments again, Ceara emailed me and will update me wi",vendors@lucidmj.com / 253.604.7156
Main street Marijuana Downtown,Vancouver,R2,At-Risk Active,73,"R2 - Active but stale (>90 days). Last contact: 262 days ago. Talked to Cade, he is looking for deals and promo specials for the shops to get ",cade@mainstmj.com mitch@mainstmj.com  send delivery/link to this email
MAIN STREET MARIJUANA ORCHARDS,Vancouver,R2,At-Risk Active,74,"R2 - Active but stale (>90 days). Last contact: 262 days ago. Talked to Cade, he is looking for deals and promo specials for the shops to get ",cade@mainstmj.com msmorchards@gmail.com - send delivery/link to this email
MAIN STREET MARIJUANA EAST,Vancouver,R2,At-Risk Active,75,"R2 - Active but stale (>90 days). Last contact: 262 days ago. Talked to Cade, he is looking for deals and promo specials for the shops to get ",cade@mainstmj.com mainstmjeast@gmail.com -send delivery/link to this email / Cell: (360) 839-5057
MAIN STREET MARIJUANA NORTH Hazel Dell,Vancouver,R2,At-Risk Active,76,"R2 - Active but stale (>90 days). Last contact: 262 days ago. Talked to Cade, he is looking for deals and promo specials for the shops to get ",cade@mainstmj.com mainstmjhd@gmail.com - send delivery/link to this email
MARGIES'S POT SHOP,Bingen,R2,At-Risk Active,77,R2 - Active but stale (>90 days). Last contact: Never. ,margiespotshop@gmail.com
MARIJUANA MART,Rochester,R2,At-Risk Active,78,R2 - Active but stale (>90 days). Last contact: 339 days ago. Offered 420 special deals and greenline - NC,shawn@marijuanamartwa.com / (360) 858-7188
Mountain High Cannabis (MHC),Republic,R2,At-Risk Active,79,R2 - Active but stale (>90 days). Last contact: Never. ,mountainhighcannabis420@gmail.com
NATURAL BLESSING CANNABIS,Spanaway,R2,At-Risk Active,80,"R2 - Active but stale (>90 days). Last contact: 400 days ago. Talked with Tamera about the struggle for her to meet our $1000 minimum, I waive",naturalblessing2014@gmail.com / 425-894-6052
NATURE'S GIFTS,Sequim,R2,At-Risk Active,81,R2 - Active but stale (>90 days). Last contact: 338 days ago. Reached out for a restock and sent the menu 02.11.25 Emailed about 420 specials ,vincent@naturesgifts420.com / (360) 797-1993
Nikxna Cannabis,Omak,R2,At-Risk Active,82,R2 - Active but stale (>90 days). Last contact: Never. ,jmacclain.crms@icloud.com tashina.thomas@yahoo.com
NXNW RETAIL LLC / CANNABIS AND GLASS,Liberty Lake,R2,At-Risk Active,83,R2 - Active but stale (>90 days). Last contact: 290 days ago. Reached out to Ryan to see if he was interested in doing business with us. His r,purchasing@cannabisandglass.com ryan@cannabisandglass.com marshall@cannabisandglass.com
NXNW RETAIL LLC/CANNABIS & GLASS,Millwood,R2,At-Risk Active,84,R2 - Active but stale (>90 days). Last contact: 290 days ago. Reached out to Ryan to see if he was interested in doing business with us. His r,purchasing@cannabisandglass.com ryan@cannabisandglass.com marshall@cannabisandglass.com
NXNW RETAIL LLC/CANNABIS & GLASS,Spokane,R2,At-Risk Active,85,R2 - Active but stale (>90 days). Last contact: 290 days ago. Reached out to Ryan to see if he was interested in doing business with us. His r,purchasing@cannabisandglass.com ryan@cannabisandglass.com marshall@cannabisandglass.com / 509.866.4206
OCEAN GREENS,Seattle,R2,At-Risk Active,86,"R2 - Active but stale (>90 days). Last contact: 339 days ago. Emailed him about a restock on flower and oil, sending vendor samples out and wi",og.inventory420@gmail.com / 206-453-4145  julian Hyseni
ORCHARDS CANNABIS MARKET,Vancouver,R2,At-Risk Active,87,R2 - Active but stale (>90 days). Last contact: Never. ,ocmreceiving@c4uwa.com / 360-258-1880
PRC,Arlington,R2,At-Risk Active,88,R2 - Active but stale (>90 days). Last contact: 383 days ago. Emailed Jestyn and Jay introducing myself and giving updated contact information,jgilreath@prcwa.com / (360) 550-9333
PRC,Mount Vernon,R2,At-Risk Active,89,R2 - Active but stale (>90 days). Last contact: 383 days ago. Emailed Jestyn and Jay introducing myself and giving updated contact information,jgilreath@prcwa.com / (360) 445-6221 - cell phone number
PRC Edmonds,Edmonds,R2,At-Risk Active,90,R2 - Active but stale (>90 days). Last contact: 383 days ago. Emailed Jestyn and Jay introducing myself and giving updated contact information,jfloberg@prcwa.com / (425) 967-5800
PRC BOTHELL,Bothell,R2,At-Risk Active,91,R2 - Active but stale (>90 days). Last contact: 383 days ago. Emailed Jestyn and Jay introducing myself and giving updated contact information,jfloberg@prcwa.com / (425) 673-7420
Remedy Tulalip - Tribal,Marysville,R2,At-Risk Active,92,R2 - Active but stale (>90 days). Last contact: 255 days ago. Reached out to Carmen via text to see if he would answer me that way! I have ema,inventory@remedytulalip.com / (360) 716-3200 - Carmens phone (360) 722-1845
SATIVA SISTERS II,Clarkston,R2,At-Risk Active,93,R2 - Active but stale (>90 days). Last contact: 250 days ago. Sent an intro order to th team. Will make sure tofollow up and get samples going,"ben.sativasisters@gmail.com
colton@sativasisters.com
clarkston@sativasisters.com sativasisters1@gmail.com / 509.381.1502"
SAVAGE THC,Clayton,R2,At-Risk Active,94,R2 - Active but stale (>90 days). Last contact: 250 days ago. ,savagethc@gmail.com
SHAWN KEMP'S CANNABIS,Seattle,R2,At-Risk Active,95,R2 - Active but stale (>90 days). Last contact: 378 days ago. Kempscannabis.com/vendor-deliveries.,cade@mainstmj.com inventory@kempscannabis.com
SHAWN KEMP'S CANNABIS SODO,Seattle,R2,At-Risk Active,96,R2 - Active but stale (>90 days). Last contact: 378 days ago. Kempscannabis.com/vendor-deliveries.,cade@mainstmj.com sodo@kempscannabis.com
THE SLOW BURN Moxee,Moxee,R2,At-Risk Active,97,R2 - Active but stale (>90 days). Last contact: 284 days ago. Called and talked to a Manager who confirmed our information is correct.  I alre,april@theslowburn.com / (509) 214-1000
THE SLOW BURN Main st,Union Gap,R2,At-Risk Active,98,R2 - Active but stale (>90 days). Last contact: 284 days ago. Called and talked to a Manager who confirmed our information is correct.  I alre,april@theslowburn.com / (509) 823-4792    another line is (509) 223-4680
THE SLOW BURN Market St,Union Gap,R2,At-Risk Active,99,R2 - Active but stale (>90 days). Last contact: 284 days ago. Called and talked to a Manager who confirmed our information is correct.  I alre,april@theslowburn.com / (509) 452-2787   another line is (509) 223-4680
SLOW BURN Yakima,Yakima,R2,At-Risk Active,100,R2 - Active but stale (>90 days). Last contact: 284 days ago. Called and talked to a Manager who confirmed our information is correct.  I alre,april@theslowburn.com / (509) 654-9700
STICKY'S,Vancouver,R2,At-Risk Active,101,R2 - Active but stale (>90 days). Last contact: 393 days ago. Emailed asking to please send samples 02.07.25,Rebekah@stickysmj.com / (360) 984-5642
T BROTHERS BUD LODGE - Only use Lifted Delivery Service,Lacey,R2,At-Risk Active,102,R2 - Active but stale (>90 days). Last contact: 333 days ago. ,buyer.tbros@gmail.com / (360)489-1342
THE BAKE SHOP,Union Gap,R2,At-Risk Active,103,R2 - Active but stale (>90 days). Last contact: 271 days ago. Talked to Filipe at prosser location who let me know that he is really needing h,prosserbakeshop@gmail.com jaime@thebakeshopcannabis.com / 509.902.1901 -Store  (509) 840 1635 - Jaime cell#
THE GREEN DOOR,Buckley,R5,At-Risk Active,104,R5 - Do Not Sell. Last contact: Never. Kush 21 does not want us selliing to this retailer,
THE HERBERY - Chakalov,Vancouver,R2,At-Risk Active,105,"R2 - Active but stale (>90 days). Last contact: 381 days ago. Left a message for Mike, emailed him all my contact info and he emailed me back ",mike.mccoy@theherberynw.com   icc@theherberynw.com / Mike's cell # 1-503-799-3013
THE HERBERY - BLVD,Vancouver,R2,At-Risk Active,106,R2 - Active but stale (>90 days). Last contact: 292 days ago. Gave Mike the $8 price point to help move the flower for his locations since the,mike.mccoy@theherberynw.com   icc@theherberynw.com / Mike's cell # 1-503-799-3013
THE HERBERY - St John,Vancouver,R2,At-Risk Active,107,R2 - Active but stale (>90 days). Last contact: 292 days ago. Gave Mike the $8 price point to help move the flower for his locations since the,mike.mccoy@theherberynw.com   icc@theherberynw.com / Mike's cell # 1-503-799-3013
THE HERBERY - 78th (H4),Vancouver,R2,At-Risk Active,108,R2 - Active but stale (>90 days). Last contact: 292 days ago. Gave Mike the $8 price point to help move the flower for his locations since the,mike.mccoy@theherberynw.com   icc@theherberynw.com / Mike's cell # 1-503-799-3013
THE HERBERY -4th,Vancouver,R2,At-Risk Active,109,R2 - Active but stale (>90 days). Last contact: 292 days ago. Gave Mike the $8 price point to help move the flower for his locations since the,mike.mccoy@theherberynw.com   icc@theherberynw.com / Mike's cell # 1-503-799-3013
THE JOINT,Seattle,R2,At-Risk Active,110,R2 - Active but stale (>90 days). Last contact: 148 days ago. 10.10.2025 - RM messaged Shy Sadis the Owner to try to schedule a meeting to get,thejointseattle@gmail.com / (206) 632-2513
THE KUSHERY Cathcart,Everett,R2,At-Risk Active,111,"R2 - Active but stale (>90 days). Last contact: 166 days ago. Reached out to Ang about a restock on flower, pre rolls and dabs 06.04.25 - Emai",Angkusheryevergreen@gmail.com thekusheryjosh@gmail.com - Josh is the owner of all Kushery locations / Store - (425) 337-5145  (Josh Shade - Owner - Cell # (425) 633-7515)
THE KUSHERY Evergreen way Dealership,Everett,R2,At-Risk Active,112,R2 - Active but stale (>90 days). Last contact: 166 days ago. Reached out to Dom about a restock on flower and pre rolls 06.04.25 - he let me ,kusheryevergreen@gmail.com / (425) 259-7958
THE KUSHERY LFP,Lake Forest Park,R2,At-Risk Active,113,R2 - Active but stale (>90 days). Last contact: 166 days ago. Alaura gave me her updated contact info as she is still the buyer 02.17.25 - Rea,Sarahfkushery@gmail.com / (206) 403-1106
THE KUSHERY Monroe,Snohomish,R2,At-Risk Active,114,"R2 - Active but stale (>90 days). Last contact: 166 days ago. Nick reached out about doing a case wrap, I sent the info to Keith to see if he ",monroekushery23@mail.com / (360) 217-8951
THE KUSHERY Clearview,Snohomish,R2,At-Risk Active,115,"R2 - Active but stale (>90 days). Last contact: 166 days ago. Reached out to Marly for an order, she let me put together a mock order for her ",marlywkushery@mail.com / (360) 863-3256
THE KUSHERY Stanwood,Stanwood,R2,At-Risk Active,116,R2 - Active but stale (>90 days). Last contact: 166 days ago. Called and talked to a budtender who confirmed that the contact info I have is c,kristenkusherystanwood@mail.com / (360) 939-0400
Clear Mind Cannabis (THE PACIFIC OUTPOST),Pasco,R2,At-Risk Active,117,R2 - Active but stale (>90 days). Last contact: Never. ,purchasing@thepacificoutpost.com
The Tribal Joint - Tribal,Darrington,R2,At-Risk Active,118,R2 - Active but stale (>90 days). Last contact: 373 days ago. Talked to a budtender who confirmed that Demi is still the buyer and email is co,thetribaljoint@gmail.com / (360) 436-2835
THE TOP SHELF,Airway Heights,R2,At-Risk Active,119,R2 - Active but stale (>90 days). Last contact: 338 days ago. ,thetopshelf509@gmail.com
THE VAULT Seattle (HerbN Elements),Seattle,R2,At-Risk Active,120,R2 - Active but stale (>90 days). Last contact: 389 days ago. Emailed Chase his final invoice for Spokane location and gave him updated contac,sales@thevaultcannabis.com Dani@thevaultcannabis.com / (206) 535-8769 call (425)322-3211 for payment queries
THE VAULT Spokane,Spokane,R2,At-Risk Active,121,R2 - Active but stale (>90 days). Last contact: 389 days ago. Emailed Chase his final invoice for Spokane location and gave him updated contac,sales@thevaultcannabis.com Dani@thevaultcannabis.com / (509) 315-9262  call (425)322-3211 for payment queries
THE VAULT CANNABIS Lake Stevens,Lake Stevens,R2,At-Risk Active,122,R2 - Active but stale (>90 days). Last contact: 389 days ago. Emailed Chase his final invoice for Spokane location and gave him updated contac,sales@thevaultcannabis.com Dani@thevaultcannabis.com / 425-248-8559 call (425)322-3211 for payment queries
THE VAULT CANNABIS Silvana,Stanwood,R2,At-Risk Active,123,R2 - Active but stale (>90 days). Last contact: 389 days ago. Emailed Chase his final invoice for Spokane location and gave him updated contac,sales@thevaultcannabis.com Dani@thevaultcannabis.com / (360) 652-5060 call (425)322-3211 for payment queries
"TJ'S CANNABIS BUDS, EDIBLES, OILS & MORE",Shelton,R2,At-Risk Active,124,R2 - Active but stale (>90 days). Last contact: 386 days ago. I talked to a budtender who confirmed the buyer and email are correct 02.14.25,michelle@tjscannabis.com / 360-427-2990
WALLA WALLA WEEDERY,Walla Walla,R2,At-Risk Active,125,R2 - Active but stale (>90 days). Last contact: 270 days ago. Reached out to Shawn about how FIreLIne is doing in there stores. He said everyt,wallawallaweedery@gmail.com / (509) 876-4279 - store - shawns cell # 509-200-8241
WESTSIDE420 RECREATIONAL,Longview,R2,At-Risk Active,126,R2 - Active but stale (>90 days). Last contact: 291 days ago. Reached out to see if she is ready for a restock and to send back any old flower,westside420recreational@yahoo.com / (360) 270-0046
Zips Everett (BLOOM) - Pretty sure they are Kush 21 now,Everett,R2,At-Risk Active,127,R2 - Active but stale (>90 days). Last contact: 362 days ago. Likes to commuicate via text message - Called and talked to Blaine today who let,Blaine@zipscannabis.com purchasing@zipscannabis.com Intake@zipscannabis.com tre@zipscannabis.com Alejandra@zipscannabis.com Stefanie@zipscannabis.com / 253-999-7690 - Blaine's cell number Tre cell # 253-348-0719
Zips Hwy 512 (BLOOM),Tacoma,R2,At-Risk Active,128,R2 - Active but stale (>90 days). Last contact: 394 days ago. Likes to commuicate via text message - Called and talked to Blaine today who let,Blaine@zipscannabis.com purchasing@zipscannabis.com Intake@zipscannabis.com tre@zipscannabis.com Alejandra@zipscannabis.com Stefanie@zipscannabis.com / 253-999-7690 - Blaine's cell number
ZIPS CANNABIS Downtown,Tacoma,R2,At-Risk Active,129,R2 - Active but stale (>90 days). Last contact: 394 days ago. Likes to commuicate via text message - Called and talked to Blaine today who let,Blaine@zipscannabis.com purchasing@zipscannabis.com Intake@zipscannabis.com tre@zipscannabis.com Alejandra@zipscannabis.com Stefanie@zipscannabis.com / 253-999-7690 - Blaine's cell number
ZIPS CANNABIS 6th,Tacoma,R2,At-Risk Active,130,R2 - Active but stale (>90 days). Last contact: 394 days ago. Likes to commuicate via text message - Called and talked to Blaine today who let,Blaine@zipscannabis.com purchasing@zipscannabis.com Intake@zipscannabis.com tre@zipscannabis.com Alejandra@zipscannabis.com Stefanie@zipscannabis.com / 253-999-7690 - Blaine's cell number
Zips Puyallup 176th,Puyallup,R2,At-Risk Active,131,R2 - Active but stale (>90 days). Last contact: 347 days ago. This store is opening april 1st and they would like a rushed order 03.25.25,Blaine@zipscannabis.com purchasing@zipscannabis.com Intake@zipscannabis.com tre@zipscannabis.com Alejandra@zipscannabis.com Stefanie@zipscannabis.com / 253-999-7690 - Blaine's cell number  Tre's cell # 253-348-0719
BAYSHORE CANNABIS CO,Shelton,R2,Quick Win,1,Follow up — Eamailed Dan with an offer to put everything on sale to get it out of the store and lowered his pricing to $8 for all 4 ,buyer@bayshorecannabis.com / (360) 426-0675
BELFAIR CANNABIS COMPANY,Belfair,I4,Quick Win,2,Follow up — Eamailed Dan with an offer to put everything on sale to get it out of the store and lowered his pricing to $8 for all 4 ,buyer@bayshorecannabis.com / (360) 277-4236
CLOUD 9,Arlington,I5,Quick Win,3,"Follow up — 10.24.2025 - Richard spoke to Kelly and gave him a run down on the plans for Fireline (Green, Blue, Red, & Gold Label). ","kadams.cloud9@gmail.com  arlingtonmanagement.cloud9@gmail.com and Connie at cdauz.cloud9@gmail.com.  For questions regarding billing, please email mturner.cloud9@gmail.com for the fastest resolution. / (360) 322-6167"
EVERGREEN MARKET - AUBURN,Auburn,I5,Quick Win,4,Follow up — Reached out to Peter to off him a lowered pricing to help entice him to place another order for all but the Auburn locat,Peterp@theevergreenmarket.com / 425-318-8898 - Directory
EVERGREEN MARKET - BELLEVUE,Bellevue,I5,Quick Win,5,Follow up — Reached out to Peter to off him a lowered pricing to help entice him to place another order for all but the Auburn locat,Peterp@theevergreenmarket.com / 425-318-8898 - Directory
EVERGREEN MARKET - KIRKLAND,Kirkland,I5,Quick Win,6,Follow up — Reached out to Peter to off him a lowered pricing to help entice him to place another order for all but the Auburn locat,Peterp@theevergreenmarket.com / 425-318-8898 - Directory
EVERGREEN MARKET - NORTH RENTON - is now Stonr Cannabis,Renton,I5,Quick Win,7,Follow up — Reached out to Peter to off him a lowered pricing to help entice him to place another order for all but the Auburn locat,Peterp@theevergreenmarket.com / 425-318-8898 - Directory
EVERGREEN MARKET - RENTON HIGHLANDS,Renton,I5,Quick Win,8,Follow up — Reached out to Peter to off him a lowered pricing to help entice him to place another order for all but the Auburn locat,Peterp@theevergreenmarket.com / 425-318-8898 - Directory
EVERGREEN MARKET - SOUTH RENTON,Renton,I5,Quick Win,9,Follow up — 10.10.25 - RM - I reached out to Tony E who I used to work with at Smokey Point. He is the GM of the South Renton locati,Peterp@theevergreenmarket.com / 425-318-8898 - Directory
FILLABONG,Bremerton,R2,Quick Win,10,"Follow up — Emailed Karla with my new contact info and got confirmation on her contact info 02.11.25 - emailed about a restock, samp",fillabongorders@gmail.com / 360-440-4003 - Karla cell phone
FILLABONG,Silverdale,R2,Quick Win,11,"Follow up — Emailed Karla with my new contact info and got confirmation on her contact info 02.11.25 - emailed about a restock, samp",fillabongorders@gmail.com / 360-440-4003 - Karla cell phone
HIGH-5 CANNABIS,Vancouver,R2,Quick Win,12,Follow up — Reached out to Nathon to see how the sale is going and let him know we are excited to see how the new pricing is going t,orders@high5cannabis.com  nathon@high5cannabis.com / (360) 947-5404
High 5 Cannabis,Stevenson,R2,Quick Win,13,Follow up — Reached out to Nathon to see how the sale is going and let him know we are excited to see how the new pricing is going t,orders@high5cannabis.com  nathon@high5cannabis.com / (509) 219-5038
KALEAFA,Aberdeen,R2,Quick Win,14,"Follow up — David emailed me with all the updated store contacts.  as I did the same 02.10.25. Talked to David, going to offer a sal",Aberdeenvendors@kaleafa.com Cassie@Kaleafa.com / (360) 637-8018
KALEAFA,Des Moines,R2,Quick Win,15,"Follow up — David emailed me with all the updated store contacts.  as I did the same 02.10.25. Talked to David, going to offer a sal",david@kaleafa.com desmoinesvendors@kaleafa.com / (206) 460-0503
(empty),,N/A,Dead Record,1,No retailer name,
(empty),,N/A,Dead Record,2,No retailer name,
(empty),,N/A,Dead Record,3,No retailer name,
(empty),,N/A,Dead Record,4,No retailer name,
(empty),,N/A,Dead Record,5,No retailer name,
(empty),,N/A,Dead Record,6,No retailer name,
(empty),,N/A,Dead Record,7,No retailer name,
(empty),,N/A,Dead Record,8,No retailer name,
(empty),,N/A,Dead Record,9,No retailer name,
(empty),,N/A,Dead Record,10,No retailer name,
(empty),,N/A,Dead Record,11,No retailer name,
(empty),,N/A,Dead Record,12,No retailer name,
(empty),,N/A,Dead Record,13,No retailer name,
(empty),,N/A,Dead Record,14,No retailer name,
(empty),,N/A,Dead Record,15,No retailer name,
(empty),,N/A,Dead Record,16,No retailer name,
(empty),,N/A,Dead Record,17,No retailer name,
(empty),,N/A,Dead Record,18,No retailer name,
(empty),,N/A,Dead Record,19,No retailer name,
(empty),,N/A,Dead Record,20,No retailer name,
(empty),,N/A,Dead Record,21,No retailer name,
(empty),,N/A,Dead Record,22,No retailer name,
(empty),,N/A,Dead Record,23,No retailer name,
(empty),,N/A,Dead Record,24,No retailer name,
(empty),,N/A,Dead Record,25,No retailer name,
(empty),,N/A,Dead Record,26,No retailer name,
(empty),,N/A,Dead Record,27,No retailer name,
(empty),,N/A,Dead Record,28,No retailer name,
(empty),,N/A,Dead Record,29,No retailer name,
(empty),,N/A,Dead Record,30,No retailer name,
(empty),,N/A,Dead Record,31,No retailer name,
(empty),,N/A,Dead Record,32,No retailer name,
(empty),,N/A,Dead Record,33,No retailer name,
(empty),,N/A,Dead Record,34,No retailer name,
(empty),,N/A,Dead Record,35,No retailer name,
(empty),,N/A,Dead Record,36,No retailer name,
(empty),,N/A,Dead Record,37,No retailer name,
(empty),,N/A,Dead Record,38,No retailer name,
(empty),,N/A,Dead Record,39,No retailer name,
(empty),,N/A,Dead Record,40,No retailer name,
(empty),,N/A,Dead Record,41,No retailer name,
(empty),,N/A,Dead Record,42,No retailer name,
(empty),,N/A,Dead Record,43,No retailer name,
(empty),,N/A,Dead Record,44,No retailer name,
(empty),,N/A,Dead Record,45,No retailer name,
(empty),,N/A,Dead Record,46,No retailer name,
(empty),,N/A,Dead Record,47,No retailer name,
(empty),,N/A,Dead Record,48,No retailer name,
(empty),,N/A,Dead Record,49,No retailer name,
(empty),,N/A,Dead Record,50,No retailer name,
Floyds Port Angeles,Port Angeles,I5,Needs Enrichment,1,Missing: email,(360) 477-4724
ORIGINS CANNABIS,Seattle,I5,Needs Enrichment,2,"Missing: phone, pricing, buyer name",virnika.franklin@originscorporate.com
SATIVA SISTERS,Spokane,I5,Needs Enrichment,3,"Missing: phone, pricing, buyer name",sativasisters1@gmail.com
THE GREEN DOOR,Buckley,R5,Needs Enrichment,4,"Missing: email, phone",
CASCADE HERB COMPANY,Bellingham,I4,Needs Enrichment,5,"Missing: pricing, buyer name",buyer.cascadeherb@gmail.com   cascadeherb@gmail.com / (360)778-2357 (360)927-9255
Craft Wenatchee,Wenatchee,I4,Needs Enrichment,6,Missing: buyer name,thebackporchwenatchee@yahoo.com  purchasing@craftcannabis.com / (360) 787-8225
Freeland Cannabis Co,Freeland,I4,Needs Enrichment,7,"Missing: email, pricing",(360) 544-8440
GREENHAND,Spokane,I4,Needs Enrichment,8,Missing: buyer name,greenhandspokane@gmail.com / (509) 919-3470
Herb's House,Seattle,I4,Needs Enrichment,9,"Missing: email, phone, pricing, buyer name",
Lucky Cannabis (bud nation),Seattle,I4,Needs Enrichment,10,Missing: buyer name,Seattle@LuckyCannabisShops.com / 206.588.2441
"MOUNT BAKER RETAIL PARTNERS, LLC",Quincy,I4,Needs Enrichment,11,"Missing: email, phone, pricing, buyer name",
MUFFYS POT SHOP,Port Angeles,I4,Needs Enrichment,12,"Missing: email, pricing, buyer name",360.504.1966
NIRVANA CANNABIS COMPANY,East Wenatchee,I4,Needs Enrichment,13,"Missing: phone, pricing, buyer name",wenatchee@nirvanacannabis.company vendors@nirvanacannabis.company
NIRVANA CANNABIS COMPANY,Otis Orchards,I4,Needs Enrichment,14,"Missing: phone, pricing, buyer name",Spokane@nirvanacannabis.company vendors@nirvanacannabis.company
NIRVANA CANNABIS COMPANY,Richland,I4,Needs Enrichment,15,"Missing: phone, pricing, buyer name",Tricities@nirvanacannabis.company vendors@nirvanacannabis.company
OZ,Seattle,I4,Needs Enrichment,16,"Missing: email, phone, pricing, buyer name",
Seattle Trees Collective,Seattle,I4,Needs Enrichment,17,"Missing: email, phone, pricing, buyer name",
STARBUDS,Bellingham,I4,Needs Enrichment,18,"Missing: email, phone, pricing",
MR. DOOBEES,Seaview,I3,Needs Enrichment,19,"Missing: phone, pricing, buyer name",mrdoobees@gmail.com
THE JOINT,Everett,I3,Needs Enrichment,20,Missing: buyer name,everett@thejointllc.com / (425) 374-1000